,count,mean,std,min,25%,50%,75%,max
V1,50250.0,0.016001221270726045,1.0198566706553471,-3.883251434608501,-0.6692608931855252,0.006333978312349031,0.6942566121479592,6.815228879883358
V2,50250.0,0.02299771468429417,1.0208083363855065,-4.234798602343308,-0.6547159421575998,0.015059317312549546,0.6967798219086203,4.990512660755998
V3,50250.0,-0.006375895327813221,1.0017712003361607,-4.604609495600161,-0.6750080982097676,-0.004605773305087562,0.668779236857998,3.7559702823153756
V4,50250.0,-0.004109574560730248,1.0023412304152224,-4.827122254935935,-0.678900800768051,0.0016920663248286081,0.6697765704133478,4.6798666456561095
V5,50250.0,0.001977275867886217,0.9990694600347343,-4.151561937291655,-0.6653271971920101,-0.0014330380562503839,0.6763464637457286,3.992558111768976
V6,50250.0,0.02226320741017922,1.02073401701944,-4.210221641386515,-0.6664990934255615,0.009451703468997744,0.7022815222528822,6.434062102616633
V7,50250.0,0.003264101863349182,1.0011363912533784,-4.257009288247994,-0.6703282443613297,8.643930660849619e-05,0.678286140059814,4.416894827251095
V8,50250.0,-0.001750928448578374,1.0049940273809634,-4.511791751015913,-0.6820664842369895,-0.0008089952642349662,0.6702120081066462,5.0072352319089966
V9,50250.0,0.00023490630403294243,1.0021746680358736,-4.0921190375204555,-0.6685421366884562,-0.0074158526411337985,0.6712137409183807,4.673029245895192
V10,50250.0,0.022278807642072997,1.0260428012479725,-4.928238480785121,-0.672286249612538,0.018058493630510524,0.6998677386600799,5.518147725119624
V11,50250.0,-0.004284974882957807,1.0025382900444701,-4.2912634877870754,-0.6757837149553,-0.00996136841031028,0.6766647666136324,4.087923070821299
V12,50250.0,-0.004405356419186676,1.0099206841113533,-4.815640777603918,-0.6804436266959941,-0.0011405605730170497,0.679051968378303,4.461654050379615
V13,50250.0,-0.005271748941260326,1.0003752141368432,-4.232729100921074,-0.6772172106480637,-0.0009136829523121513,0.6698429605351865,4.91125831045457
V14,50250.0,0.005107148371544459,1.0028630420230817,-4.389114584864837,-0.6737651096947799,0.005594346972006867,0.6851365868811147,4.204911630105309
Amount,50150.0,66.47756106836214,48.659014482355815,1.0,32.95041122049456,61.00464591625125,91.72316276848888,876.3558744379626
Time,50250.0,48563.04024625289,17940.69078462454,6.54037814080948,36941.095782028584,49393.99033993929,61525.51061103,86397.23366394916
Class,50250.0,0.015064676616915422,0.12181144207122307,0.0,0.0,0.0,0.0,1.0
