feature,psi,status
cartao_seg_desde_anterior,0.10153373325497499,atenção
valor_vs_media_historica,0.059511036366889994,estável
cartao_valor_medio_historico,0.049991182468025114,estável
hora_do_dia,0.0043585130612875935,estável
hora_cos,0.0038900945110135333,estável
hora_sin,0.003389854921763077,estável
distancia_casa_km,0.0014480676890548452,estável
V10,0.0013807437603153266,estável
log_amount,0.0013348754624832192,estável
Amount,0.0012968001687610482,estável
V2,0.001253917968585689,estável
V12,0.0011366109807363542,estável
cartao_valor_soma_24h,0.0010595477310676024,estável
V11,0.0010237908965286483,estável
V13,0.0010090533070551792,estável
V7,0.0009622697663545289,estável
V4,0.0009354913151103767,estável
V3,0.0008428445354042613,estável
cartao_qtd_24h,0.0008426749413203711,estável
V9,0.0007650969642002027,estável
V1,0.0006794065833030674,estável
V5,0.0005765701696550047,estável
V8,0.0004833334420982517,estável
V6,0.00042320439947583885,estável
V14,0.00014272577388344714,estável
is_madrugada,0.0,estável
cartao_qtd_1h,0.0,estável
cartao_valor_soma_1h,0.0,estável
categoria_nova_no_cartao,0.0,estável
