feature,queda_pr_auc,desvio
distancia_casa_km,0.5401523288768884,0.008237626394890172
cartao_qtd_1h,0.16348723954337907,0.00775360497434621
V10,0.05104739002005613,0.0043140930349890964
V3,0.046101746594232086,0.0050731587396854756
V14,0.0342171108545799,0.0012872540466471992
V7,0.023128349630199347,0.0036134202762144814
cartao_valor_soma_1h,0.011915012678887097,0.0018762045288098599
cartao_valor_soma_24h,0.009187497629017605,0.0005583504907209517
hora_cos,0.006461887374557255,0.002397749663504346
cartao_qtd_24h,0.006038773392584962,0.0001318801058133017
is_madrugada,0.002944166313538591,0.0015162461948823687
V5,0.0015917443207849047,0.0007769096728857685
V13,0.0012287708894545741,0.0009083446612224103
hora_sin,0.0008128803089616868,0.0002575149099017189
valor_vs_media_historica,0.0005541736141489265,0.0006988863319855364
V11,0.0004556174619314568,0.0005866351390951785
V2,0.00024972100614251147,0.0002981470069192162
V1,2.8947512266748927e-05,0.0008080819746760754
log_amount,-4.646596054147523e-06,0.00013294285460322823
cartao_valor_medio_historico,-6.939098092425174e-06,2.8750598498750607e-05
canal,-6.995860081016048e-06,0.0005699529014845434
V8,-2.316698983643543e-05,0.0024671331973994647
V9,-0.0001648001230266649,0.00042443167485781857
cartao_seg_desde_anterior,-0.00016942351966638589,0.0004867993786719739
categoria_comerciante,-0.0004879166822794693,0.0005215592295937953
V4,-0.0005980791977449421,0.0005925790833593296
Amount,-0.0008334338937937558,0.0007380527614688
categoria_nova_no_cartao,-0.0009614615808115253,0.0006219536968969959
V6,-0.0010514624695196668,0.00013808235810905753
V12,-0.0010809227397754102,0.00025123711473675956
hora_do_dia,-0.00498838716236268,0.0008827461059399975
